{"cameraMode":{"drawMode":0,"name":"Shaded","section":"Shading Mode"},"sceneLighting":false,"audioPlay":false,"sceneViewState":{"m_AlwaysRefresh":false,"showFog":true,"showSkybox":false,"showFlares":true,"showImageEffects":true,"showParticleSystems":true,"showVisualEffectGraphs":true,"m_FxEnabled":true},"in2DMode":false,"pivot":{"x":-0.04620486497879028,"y":0.9864647388458252,"z":-0.060996681451797488},"rotation":{"x":0.10511937737464905,"y":-0.8533570170402527,"z":0.1891276240348816,"w":0.47430893778800967},"size":1.0883492231369019,"orthographic":false}